{
  "dataset_model_context": "sleep_health_results | gemini3_pro | poor context",
  "num_runs": 3,
  "per_run_results": [
    {
      "run": "run1_poor_context",
      "mean_delta_e": 33.55233550024753,
      "visual_entropy": 0.5298577796628441,
      "distinguishability_ratio": 1.0,
      "execution_success": true
    },
    {
      "run": "run2_poor_context",
      "mean_delta_e": 32.35500774214093,
      "visual_entropy": 0.4884954957152421,
      "distinguishability_ratio": 1.0,
      "execution_success": true
    },
    {
      "run": "run3_poor_context",
      "mean_delta_e": 27.60381795164139,
      "visual_entropy": 0.3766285199144549,
      "distinguishability_ratio": 0.9777777777777777,
      "execution_success": true
    }
  ],
  "averages": {
    "mean_delta_e": 31.1704,
    "visual_entropy": 0.465,
    "distinguishability_ratio": 0.9926,
    "execution_pass_rate": 1.0
  },
  "raw_values": {
    "mean_delta_e_per_run": [
      33.55233550024753,
      32.35500774214093,
      27.60381795164139
    ],
    "visual_entropy_per_run": [
      0.5298577796628441,
      0.4884954957152421,
      0.3766285199144549
    ],
    "distinguishability_ratio_per_run": [
      1.0,
      1.0,
      0.9777777777777777
    ]
  }
}