{
  "dataset_model_context": "sleep_health_results | gemini3_pro | rich context",
  "num_runs": 3,
  "per_run_results": [
    {
      "run": "run1_rich_context",
      "mean_delta_e": 24.358885990701726,
      "visual_entropy": 0.4570158173490957,
      "distinguishability_ratio": 1.0,
      "execution_success": true
    },
    {
      "run": "run2_rich_context",
      "mean_delta_e": 23.81460121833262,
      "visual_entropy": 0.5116301241165185,
      "distinguishability_ratio": 1.0,
      "execution_success": true
    },
    {
      "run": "run3_rich_context",
      "mean_delta_e": 25.877614512162104,
      "visual_entropy": 0.5267654554588925,
      "distinguishability_ratio": 1.0,
      "execution_success": true
    }
  ],
  "averages": {
    "mean_delta_e": 24.6837,
    "visual_entropy": 0.4985,
    "distinguishability_ratio": 1.0,
    "execution_pass_rate": 1.0
  },
  "raw_values": {
    "mean_delta_e_per_run": [
      24.358885990701726,
      23.81460121833262,
      25.877614512162104
    ],
    "visual_entropy_per_run": [
      0.4570158173490957,
      0.5116301241165185,
      0.5267654554588925
    ],
    "distinguishability_ratio_per_run": [
      1.0,
      1.0,
      1.0
    ]
  }
}