{
  "dataset_model_context": "sleep_health_results | gpt5.2 | poor context",
  "num_runs": 3,
  "per_run_results": [
    {
      "run": "run1_poor_context",
      "mean_delta_e": 4.6210412950919,
      "visual_entropy": 0.3618407646278805,
      "distinguishability_ratio": 0.5777777777777777,
      "execution_success": true
    },
    {
      "run": "run2_poor_context",
      "mean_delta_e": 6.29997609392602,
      "visual_entropy": 0.3501469156636716,
      "distinguishability_ratio": 0.6444444444444445,
      "execution_success": true
    },
    {
      "run": "run3_poor_context",
      "mean_delta_e": 6.421039177026165,
      "visual_entropy": 0.3310312373861145,
      "distinguishability_ratio": 0.6222222222222222,
      "execution_success": true
    }
  ],
  "averages": {
    "mean_delta_e": 5.7807,
    "visual_entropy": 0.3477,
    "distinguishability_ratio": 0.6148,
    "execution_pass_rate": 1.0
  },
  "raw_values": {
    "mean_delta_e_per_run": [
      4.6210412950919,
      6.29997609392602,
      6.421039177026165
    ],
    "visual_entropy_per_run": [
      0.3618407646278805,
      0.3501469156636716,
      0.3310312373861145
    ],
    "distinguishability_ratio_per_run": [
      0.5777777777777777,
      0.6444444444444445,
      0.6222222222222222
    ]
  }
}