{
  "dataset_model_context": "sleep_health_results | gpt5.2 | poor context",
  "num_runs": 3,
  "per_run_results": [
    {
      "run": "run1_poor_context",
      "mean_delta_e": 22.65175746163228,
      "visual_entropy": 0.31845198234657046,
      "distinguishability_ratio": 1.0,
      "execution_success": true
    },
    {
      "run": "run2_poor_context",
      "mean_delta_e": 33.479825430351674,
      "visual_entropy": 0.3501469156636716,
      "distinguishability_ratio": 1.0,
      "execution_success": true
    },
    {
      "run": "run3_poor_context",
      "mean_delta_e": 35.99397811371604,
      "visual_entropy": 0.3310312373861145,
      "distinguishability_ratio": 1.0,
      "execution_success": true
    }
  ],
  "averages": {
    "mean_delta_e": 30.7085,
    "visual_entropy": 0.3332,
    "distinguishability_ratio": 1.0,
    "execution_pass_rate": 1.0
  },
  "raw_values": {
    "mean_delta_e_per_run": [
      22.65175746163228,
      33.479825430351674,
      35.99397811371604
    ],
    "visual_entropy_per_run": [
      0.31845198234657046,
      0.3501469156636716,
      0.3310312373861145
    ],
    "distinguishability_ratio_per_run": [
      1.0,
      1.0,
      1.0
    ]
  }
}