{
  "dataset_model_context": "titanic_results/gpt5.2 | dashboard | rich context",
  "num_runs": 3,
  "per_run_results": [
    {
      "run": "run1_rich_context",
      "mean_delta_e": 27.429794489641402,
      "visual_entropy": 1.0325919186595771,
      "distinguishability_ratio": 1.0,
      "execution_success": true
    },
    {
      "run": "run2_rich_context",
      "mean_delta_e": 33.717914407873515,
      "visual_entropy": 1.3236859661662317,
      "distinguishability_ratio": 1.0,
      "execution_success": true
    },
    {
      "run": "run3_rich_context",
      "mean_delta_e": 21.591436634056517,
      "visual_entropy": 1.0886182476803714,
      "distinguishability_ratio": 1.0,
      "execution_success": true
    }
  ],
  "averages": {
    "mean_delta_e": 27.5797,
    "visual_entropy": 1.1483,
    "distinguishability_ratio": 1.0,
    "execution_pass_rate": 1.0
  },
  "raw_values": {
    "mean_delta_e_per_run": [
      27.429794489641402,
      33.717914407873515,
      21.591436634056517
    ],
    "visual_entropy_per_run": [
      1.0325919186595771,
      1.3236859661662317,
      1.0886182476803714
    ],
    "distinguishability_ratio_per_run": [
      1.0,
      1.0,
      1.0
    ]
  }
}