{
  "dataset_model_context": "defi_anomalies_results | gpt5.2 | rich context",
  "num_runs": 3,
  "per_run_results": [
    {
      "run": "run1_rich_context",
      "mean_delta_e": 28.08562238339215,
      "visual_entropy": 0.7064758507015741,
      "distinguishability_ratio": 1.0,
      "execution_success": true
    },
    {
      "run": "run2_rich_context",
      "mean_delta_e": 28.24726329013582,
      "visual_entropy": 0.7261530080546746,
      "distinguishability_ratio": 1.0,
      "execution_success": true
    },
    {
      "run": "run3_rich_context",
      "mean_delta_e": 28.269657521954382,
      "visual_entropy": 0.7172146481364363,
      "distinguishability_ratio": 1.0,
      "execution_success": true
    }
  ],
  "averages": {
    "mean_delta_e": 28.2008,
    "visual_entropy": 0.7166,
    "distinguishability_ratio": 1.0,
    "execution_pass_rate": 1.0
  },
  "raw_values": {
    "mean_delta_e_per_run": [
      28.08562238339215,
      28.24726329013582,
      28.269657521954382
    ],
    "visual_entropy_per_run": [
      0.7064758507015741,
      0.7261530080546746,
      0.7172146481364363
    ],
    "distinguishability_ratio_per_run": [
      1.0,
      1.0,
      1.0
    ]
  }
}