{
  "dataset_model_context": "titanic_results/gemini3_pro | dashboard | poor context",
  "num_runs": 3,
  "per_run_results": [
    {
      "run": "run1_poor_context",
      "mean_delta_e": 22.338059449512553,
      "visual_entropy": 1.1012378609769338,
      "distinguishability_ratio": 1.0,
      "execution_success": true
    },
    {
      "run": "run2_poor_context",
      "mean_delta_e": 16.423559980328605,
      "visual_entropy": 1.0702221678154942,
      "distinguishability_ratio": 1.0,
      "execution_success": true
    },
    {
      "run": "run3_poor_context",
      "mean_delta_e": 30.600597328312315,
      "visual_entropy": 1.6180709818657113,
      "distinguishability_ratio": 1.0,
      "execution_success": true
    }
  ],
  "averages": {
    "mean_delta_e": 23.1207,
    "visual_entropy": 1.2632,
    "distinguishability_ratio": 1.0,
    "execution_pass_rate": 1.0
  },
  "raw_values": {
    "mean_delta_e_per_run": [
      22.338059449512553,
      16.423559980328605,
      30.600597328312315
    ],
    "visual_entropy_per_run": [
      1.1012378609769338,
      1.0702221678154942,
      1.6180709818657113
    ],
    "distinguishability_ratio_per_run": [
      1.0,
      1.0,
      1.0
    ]
  }
}