{
  "dataset_model_context": "defi_anomalies_results | gemini3_pro | rich context",
  "num_runs": 3,
  "per_run_results": [
    {
      "run": "run1_rich_context",
      "mean_delta_e": 28.138244874814532,
      "visual_entropy": 0.5864626578053689,
      "distinguishability_ratio": 1.0,
      "execution_success": true
    },
    {
      "run": "run2_rich_context",
      "mean_delta_e": 28.152044407966116,
      "visual_entropy": 0.5849108190989856,
      "distinguishability_ratio": 1.0,
      "execution_success": true
    },
    {
      "run": "run3_rich_context",
      "mean_delta_e": 28.135642701849328,
      "visual_entropy": 0.5802900138658361,
      "distinguishability_ratio": 1.0,
      "execution_success": true
    }
  ],
  "averages": {
    "mean_delta_e": 28.142,
    "visual_entropy": 0.5839,
    "distinguishability_ratio": 1.0,
    "execution_pass_rate": 1.0
  },
  "raw_values": {
    "mean_delta_e_per_run": [
      28.138244874814532,
      28.152044407966116,
      28.135642701849328
    ],
    "visual_entropy_per_run": [
      0.5864626578053689,
      0.5849108190989856,
      0.5802900138658361
    ],
    "distinguishability_ratio_per_run": [
      1.0,
      1.0,
      1.0
    ]
  }
}