{
  "dataset_model_context": "titanic_results/gemini3_pro | survival | rich context",
  "num_runs": 3,
  "per_run_results": [
    {
      "run": "run1_rich_context",
      "mean_delta_e": 22.113900094825038,
      "visual_entropy": 1.0938079360864936,
      "distinguishability_ratio": 0.9777777777777777,
      "execution_success": true
    },
    {
      "run": "run2_rich_context",
      "mean_delta_e": 27.26198004043372,
      "visual_entropy": 1.216317030191581,
      "distinguishability_ratio": 1.0,
      "execution_success": true
    },
    {
      "run": "run3_rich_context",
      "mean_delta_e": 27.2841425474155,
      "visual_entropy": 0.9649865798525322,
      "distinguishability_ratio": 1.0,
      "execution_success": true
    }
  ],
  "averages": {
    "mean_delta_e": 25.5533,
    "visual_entropy": 1.0917,
    "distinguishability_ratio": 0.9926,
    "execution_pass_rate": 1.0
  },
  "raw_values": {
    "mean_delta_e_per_run": [
      22.113900094825038,
      27.26198004043372,
      27.2841425474155
    ],
    "visual_entropy_per_run": [
      1.0938079360864936,
      1.216317030191581,
      0.9649865798525322
    ],
    "distinguishability_ratio_per_run": [
      0.9777777777777777,
      1.0,
      1.0
    ]
  }
}