{
  "dataset_model_context": "titanic_results/gpt5.2 | survival | poor context",
  "num_runs": 3,
  "per_run_results": [
    {
      "run": "run1_poor_context",
      "mean_delta_e": 19.5708418559132,
      "visual_entropy": 0.8604299934311903,
      "distinguishability_ratio": 1.0,
      "execution_success": true
    },
    {
      "run": "run2_poor_context",
      "mean_delta_e": 18.75078785426401,
      "visual_entropy": 0.8923664770190768,
      "distinguishability_ratio": 1.0,
      "execution_success": false
    },
    {
      "run": "run3_poor_context",
      "mean_delta_e": 18.68190830529022,
      "visual_entropy": 0.8897027968414426,
      "distinguishability_ratio": 1.0,
      "execution_success": false
    }
  ],
  "averages": {
    "mean_delta_e": 19.0012,
    "visual_entropy": 0.8808,
    "distinguishability_ratio": 1.0,
    "execution_pass_rate": 0.3333
  },
  "raw_values": {
    "mean_delta_e_per_run": [
      19.5708418559132,
      18.75078785426401,
      18.68190830529022
    ],
    "visual_entropy_per_run": [
      0.8604299934311903,
      0.8923664770190768,
      0.8897027968414426
    ],
    "distinguishability_ratio_per_run": [
      1.0,
      1.0,
      1.0
    ]
  }
}