{
  "dataset_model_context": "titanic_results/gpt5.2 | survival | rich context",
  "num_runs": 3,
  "per_run_results": [
    {
      "run": "run1_rich_context",
      "mean_delta_e": 27.868673723098865,
      "visual_entropy": 0.8443550843486272,
      "distinguishability_ratio": 1.0,
      "execution_success": true
    },
    {
      "run": "run2_rich_context",
      "mean_delta_e": 26.84181455777744,
      "visual_entropy": 1.4868295344482205,
      "distinguishability_ratio": 1.0,
      "execution_success": true
    },
    {
      "run": "run3_rich_context",
      "mean_delta_e": 28.885112080196834,
      "visual_entropy": 1.1085479012224764,
      "distinguishability_ratio": 1.0,
      "execution_success": true
    }
  ],
  "averages": {
    "mean_delta_e": 27.8652,
    "visual_entropy": 1.1466,
    "distinguishability_ratio": 1.0,
    "execution_pass_rate": 1.0
  },
  "raw_values": {
    "mean_delta_e_per_run": [
      27.868673723098865,
      26.84181455777744,
      28.885112080196834
    ],
    "visual_entropy_per_run": [
      0.8443550843486272,
      1.4868295344482205,
      1.1085479012224764
    ],
    "distinguishability_ratio_per_run": [
      1.0,
      1.0,
      1.0
    ]
  }
}